LineID,LineName,LineNoTemp,LineNo
11110034,271번(면목동~상암동),271번,271
11110158,1213번(국민대~면목동),1213번,1213
11110173,2013번(면목동~신당역),2013번,2013
11110372,N62번(면목동차고지~양천공영차고지),N62번,N62
11110060,605번(강서공영차고지~후암동),605번,605
11110290,6631번(강서공영차고지~영등포역),6631번,6631
11110291,6632번(강서공영차고지~당산역),6632번,6632
11110423,N65(개화공영차고지~범일차고지),N65,N65
11110085,643번(양천차고지~강남역),643번,643
11110088,5515번(신동아아파트~청림동현대아파트),5515번,5515
11110244,5519번(용천사~우방아파트),5519번,5519
11110369,N61번(양천공영차고지~상계동차고지),N61번,N61
11410004,6515번(양천차고지~삼막사거리),6515번,6515
91000025,8541번(호압사~강남역),8541번,8541
41110005,500번(석수역~을지로입구),500번,500
41110044,5531번(군포공영차고지~노량진),5531번,5531
41110050,5623번(군포 공영차고지~여의도),5623번,5623
11110175,2015번(신내공영차고지~동대문운동장),2015번,2015
11110358,2016번(중랑차고지~효창동),2016번,2016
11110418,242번(중랑공영차고지~개포시영아파트),242번,242
11110979,240번(중랑공영차고지~신사역사거리),240번,240
11110999,241번(중랑차고지~논현역),241번,241
11110066,651번(방화동~서울대),651번,651
11110288,6629번(방화동~영등포),6629번,6629
11110294,6712번(방화동~대흥사거리),6712번,6712
11110348,672번(방화동~이대후문),672번,672
11110383,654번(방화동~노들역),654번,654
11110812,6648(방화동~양천구청),6648,6648
11110410,3012번(송파차고지~동부이촌동),3012번,3012
11110965,3425번(송파차고지~삼성역),3425번,3425
11110966,320번(송파차고지~상봉터미널),320번,320
41110033,4419번(송파차고지~압구정역),4419번,4419
41110106,9408번(성남 분당~영등포),9408번,9408
41110130,9401번(구미동~서울역),9401번,9401
41110137,9404번(분당구미~신사역),9404번,9404
41110219,462번(송파차고지~영등포),462번,462
11110351,333번(송파차고지~올림픽공원),333번,333
41110087,440번(송파공영차고지~압구정동),440번,440
41110218,407번(송파공영차고지~동대문),407번,407
11110007,106번(의정부~동대문),106번,106
11110379,2312번(강동공영차고지~중랑공영차고지),2312번,2312
11410002,370번(강동공영차고지~충정로역),370번,370
41110001,107번(송현동~동대문),107번,107
41110002,201번(구리~서울역),201번,201
41110051,5624번(군포버스공영차고지~구로디지탈단지역),5624번,5624
41110092,542번(군포버스공영차고지~신사역),542번,542
41110214,341번(하남공영차고지~강남역),341번,341
41110216,108번(양주 덕정~종로5가),108번,108
11110376,463(염곡동~국회의사당),463,463
11110416,4211(염곡동~한양대동문앞),4211,4211
11110027,171번(국민대~상암동),171번,171
11110171,1711번(국민대~공덕동),1711번,1711
11110270,6514번(양천공영차고지~서울대),6514번,6514
11110276,6617번(양천차고지~목동우성아파트),6617번,6617
11110279,6620번(양천공용차고지~당산역),6620번,6620
11110371,N62번(양천공영차고지~면목동차고지),N62번,N62
11110988,6657번(양천공용차고지~가양동),6657번,6657
41110003,302번(성남~동대문),302번,302
41110004,303번(성남~신설동),303번,303
41110113,9403번(성남분당~을지로5가),9403번,9403
11110002,101번(화계사~동대문),101번,101
11110020,151번(우이동~중앙대),151번,151
11110021,152번(화계사~삼막사사거리),152번,152
11110089,"8111번(통학,화계사~미아삼거리역)",8111번,8111
11110121,"1115번(수유중학교,혜화여고~미아삼거리역)",1115번,1115
11110378,N15번(우이동~사당역),N15번,N15
11110413,121번(화계사~서울숲),121번,121
11110948,1165번(화계사~미아삼거리역),1165번,1165
11110998,153번(우이동~당곡사거리),153번,153
11110009,"110번(A,고려대방향,정릉~정릉)",110A번,110A
11110014,143번(정릉~개포동),143번,143
11110024,162번(정릉~여의도),162번,162
11110072,"110번(B,국민대방향,정릉~정릉)",110B번,110B
11110113,1014번(정릉~신당동),1014번,1014
11110116,1020번(정릉~교보문고),1020번,1020
11110119,1113번(정릉~월곡역),1113번,1113
11110915,1114번(정릉~길음역),1114번,1114
11111159,707(대화동~서울역),707,707
41110041,771(대화동~디지털미디어시티역),771,771
41110079,7728번(대화동~신촌),7728번,7728
41110147,700번(대화동~서울역),700번,700
11110250,5525번(시흥동~보라매공원),5525번,5525
11110258,5617번(시흥~구로디지털단지역),5617번,5617
11110260,5619번(시흥동~신도림역),5619번,5619
11110261,5620번(시흥동~선유도역),5620번,5620
11110262,5621번(삼익아파트~구로공단역),5621번,5621
11110390,8551번(봉천역~노량진역),8551번,8551
11110424,N65(범일차고지~개화공영차고지),N65,N65
11110993,5537번(시흥동~가산디지털단지역),5537번,5537
41110008,505번(노온사동~서울역),505번,505
41110040,5413번(시흥~고속터미널),5413번,5413
41110054,5627번(노온사동~구로디지털단지역),5627번,5627
41110064,6637번(광명 노온사동~목동),6637번,6637
41110210,5633번(노온사동~순복음교회),5633번,5633
11110256,5615번(난곡~여의도),5615번,5615
11110259,5618번(구로동~구로동),5618번,5618
11110269,6512번(구로동~서울대),6512번,6512
11110343,670번(온수동~디지털미디어시티역),670번,670
11110990,"5522번(A,난곡방향,난곡~난곡)",5522A번,5522A
11110991,"5522번(B,호암방향,난곡~난곡)",5522B번,5522B
11110997,5523번(보성운수기종점~서울대입구역),5523번,5523
41110006,503번(광명공영차고지~서울역),503번,503
41110047,5534번(광명공영차고지~여의도),5534번,5534
41110057,5630번(광명공영차고지~목동역),5630번,5630
41110059,5714번(광명공영차고지~이대입구),5714번,5714
11110032,262번(중랑공영차고지~여의도),262번,262
11110035,272번(면목동~남가좌동),272번,272
11110074,03번(남산서울타워~남산서울타워),03번,3
11110077,2230번(면목동~경동시장),2230번,2230
11110178,2112번(면목동~성북동),2112번,2112
11110179,2211번(면목동~회기역),2211번,2211
11110193,2233번(면목동~옥수동),2233번,2233
11110194,2311번(중랑차고지~문정동),2311번,2311
11110330,05번(남산서울타워~남산서울타워),05번,5
11110380,2312번(중랑공영차고지~강동공영차고지),2312번,2312
11110401,02번(남산서울타워~동대입구),02번,2
11110044,400번(염곡동~시청),400번,400
11110336,421번(염곡동~옥수동),421번,421
11110337,405번(염곡동~종로1가),405번,405
11110010,130번(우이동~길동),130번,130
11110015,144번(우이동~교대),144번,144
11110003,102번(상계동~동대문),102번,102
11110017,146번(상계주공7단지~강남역),146번,146
11110136,1129번(상계현대2차아파트~창동역동측),1129번,1129
11110137,1130번(청백아파트1단지~석계역1번출구.B),1130번,1130
11110140,1133번(염광고교(수유)~염광고교(석계)),1133번,1133
11110144,1137번(상계동~미아사거리),1137번,1137
11110147,1140번(중계동~광운대),1140번,1140
11110169,1224번(상계동~청량리),1224번,1224
11110370,N61번(상계동차고지~양천공영차고지),N61번,N61
11110386,173번(월계동~연세대),173번,173
11110904,1143번(수락리버시티~봉화산역),1143번,1143
11110968,103번(삼화상운~서울역),103번,103
11110031,261번(장위동~여의도환승센터),261번,261
11110172,2012번(신내공영차고지~동대문역사문화공원),2012번,2012
11110331,1122번(상진운수차고지~원자력병원),1122번,1122
11110375,2115번(중랑공영차고지~서경대),2115번,2115
11110302,7018번(북가좌동~광교),7018번,7018
11110320,7719번(북가좌동~녹번역),7719번,7719
11110388,8761번(광흥창역~국회의사당역),8761번,8761
41110215,721번(북가좌동~건대입구역),721번,721
11110037,301번(장지공영차고지~혜화동),301번,301
11110045,401번(장지공영차고지~서울역),401번,401
11110346,3011번(장지공영차고지~한남동),3011번,3011
11110420,3426번(서울버스종점~청담동),3426번,3426
11110038,340번(강동차고지~무지개아파트),340번,340
11110198,3212번(강동공영차고지~강변역),3212번,3212
11110211,3411번(강동공영차고지~삼성역),3411번,3411
11110212,3412번(강동공영차고지~우면동),3412번,3412
11110213,3413번(강일동공영차고지~수서경찰서),3413번,3413
11110350,3318번(강동차고지~미사강변도시~마천동),3318번,3318
11110367,N30(강동공영차고지~서울역환승센터),N30,N30
11110384,342번(강동차고지~압구정로데오역),342번,342
11110409,3321번(강동차고지~강동구청),3321번,3321
11110048,406번(개포동~서울역),406번,406
11110049,420번(개포동~청량리),420번,420
11110052,472번(개포동~신촌),472번,472
11110356,4412(개포동~삼성의료원),4412,4412
11110422,4435번(개포동~사당역),4435번,4435
11110920,4432번(개포동~옛골),4432번,4432
11110005,104번(강북청소년수련관난나~숭례문),104번,104
11110125,1119번(강북청소년수련관난나~녹천역),1119번,1119
11110133,1126번(강북청소년수련관난나~안방학동),1126번,1126
11110069,751번(구산동~상도동),751번,751
11110070,752번(구산동~노량진),752번,752
11110071,753번(갈현동~상도동),753번,753
11110306,7022번(구산동~서울역),7022번,7022
11110310,7613번(구산동~여의도),7613번,7613
11110321,7720번(구산동~신촌),7720번,7720
11110354,7212번(은평차고지~극동그린아파트앞),7212번,7212
11110389,8771번(구산중학교~녹번역),8771번,8771
11110902,7715번(은평차고지~연신내역),7715번,7715
41110011,"702번(A,서오릉방향,서오릉~종로1가)",702A번,702A
41110086,7025번(은평차고지~종로),7025번,7025
41110102,9701번(가좌동~서울역),9701번,9701
41110117,9707번(고양 가좌동~영등포역),9707번,9707
41110206,"702번(B,용두초교방향,서오릉~종로1가)",702B번,702B
91000033,8774번(구산동~서대문구청),8774번,8774
11110373,6640A번(양천차고지~양천차고지),6640A번,6640A
11110374,6640B번(양천차고지~양천차고지),6640B번,6640B
11110908,6613(양천공영차고지~대림역),6613,6613
11110910,6614(양천공영차고지~부천남부생태공원),6614,6614
11110967,6716번(양천공영차고지~이대입구),6716번,6716
41110060,6513번(철산동~서울대),6513번,6513
41110061,6616(철산동~온수동),6616,6616
41110065,6638번(철산동~오목교),6638번,6638
11110208,3314번(마천동~종합운동장),3314번,3314
11110209,3315번(마천동~송파구민회관),3315번,3315
11110216,3416번(마천역~세곡리엔파크2단지),3416번,3416
11110956,3214번(마천동~강변역),3214번,3214
11110957,3316번(마천동~천호역),3316번,3316
11110983,3317(마천동~잠실역),3317,3317
11110059,604번(신월동~중구청),604번,604
11110061,606번(부천상동~종로1가),606번,606
11110349,653(외발산동~가산디지털단지역),653,653
11110385,674번(신길운수~연세대),674번,674
11110980,652번(신월동~독산사거리),652번,652
41110067,673번(상동기점~이대부고),673번,673
41110211,"661번(부천상동~영등포역,신세계백화점)",661번,661
11110307,7211번(기자촌~신설동),7211번,7211
11110845,705번(진관공영차고지~롯데영프라자),705번,705
41110012,703번(문산선유리~서울역환승센터),703번,703
41110083,7733번(진관공영차고지~홍대입구),7733번,7733
41110093,9711A번(일산~양재동),9711A번,9711A
41110116,9709번(파주시 맥금동~서울역),9709번,9709
41110204,760번(금촌~영등포),760번,760
91000034,9714번(교하운정~서울역),9714번,9714
11110054,571번(가산동~기자촌),571번,571
11110233,5012번(가산동~용산역),5012번,5012
11110251,5528번(가산동~사당역),5528번,5528
11110076,"750번(A,신촌,수색교~서울대)",750A번,750A
11110312,7711번(덕은동~홍대입구),7711번,7711
11110382,8777번(난지한강공원~월드컵경기장남측),8777번,8777
41110042,740번(덕은동~삼성역),740번,740
41110077,7726번(덕은동~모래내삼거리),7726번,7726
41110078,7727번(설문동~신촌),7727번,7727
11110188,2222번(자양동~고대앞),2222번,2222
11110214,3414번(오금동~고속터미널),3414번,3414
11110391,8331번(마천사거리~잠실역),8331번,8331
11110959,3220번(오금동~청량리),3220번,3220
11110960,2415번(자양동~대치동),2415번,2415
11110961,2221번(자양동~신설동),2221번,2221
11110962,3216번(오금동~청량리),3216번,3216
11110012,141번(도봉산~염곡동),141번,141
11110013,142번(도봉동~고속터미널),142번,142
11110135,1128번(도봉동~도봉동),1128번,1128
11110917,1127번(도봉동~도봉동),1127번,1127
41110052,5625번(안양~영등포역(영등포시장)),5625번,5625
41110053,5626번(안양~온수동),5626번,5626
41110058,5713번(안양비산동차고지~신촌기차역),5713번,5713
11110073,109번(우이동~서울역),109번,109
11110964,1166번(우이동~국민대),1166번,1166
11110970,120번(우이동~청량리),120번,120
11110065,650번(외발산동~서울대입구),650번,650
11110287,6628번(외발산동~여의도),6628번,6628
11110289,6630번(외발산동~영등포시장),6630번,6630
11110359,662번(외발산동~여의나루역),662번,662
11110339,4319번(전원마을~잠실역),4319번,4319
11110340,502(월암공영차고지~한국은행신세계),502,502
41110043,5530번(군포공영차고지~사당역),5530번,5530
41110088,441번(월암공영차고지~신사역),441번,441
41110091,541번(군포공영차고지~강남역),541번,541
41110213,540번(군포공영차고지~강남성모병원),540번,540
11110224,4212번(사당동~중곡역),4212번,4212
11110377,N15번(사당역~우이동),N15번,N15
11111002,4318번(사당동출발.사당동~풍납동),4318번,4318
11111003,4318번(풍납동출발.풍납동~사당동),4318번,4318
11110297,7011번(은평차고지~중구청),7011번,7011
11110334,7013A(은평차고지~남대문시장),7013A,7013A
11110335,7013B(은평차고지~남대문시장),7013B,7013B
41110016,750B번(은평차고지~서울대),750B번,750B
41110070,7016번(은평차고지~상명대),7016번,7016
11110068,720번(기자촌~답십리),720번,720
11110323,7722번(진관공영차고지~녹번역),7722번,7722
11110324,7723번(기자촌~구파발역),7723번,7723
41110013,704번(북한산성~서울역),704번,704
41110104,9703번(일산~서울역),9703번,9703
41110153,N37번(진관공영차고지~송파공영차고지),N37번,N37
41110209,706번(교하차고지~서울역),706번,706
91000005,"8772번(휴일,구파발~대서문입구)",8772번,8772
11110058,603번(신월동~시청),603번,603
11110062,640번(신월동~신논현역),640번,640
11110063,641번(문래동~양재동),641번,641
11110266,6211번(신월동~상왕십리),6211번,6211
11110296,6715번(신월동~상암동),6715번,6715
11110903,6625번(문래동~화곡동),6625번,6625
11110905,6624번(신월동~이대목동병원),6624번,6624
11110018,147번(월계동~도곡동),147번,147
11110139,1132번(월계동~노원역),1132번,1132
11110142,1135번(석계역~중계역),1135번,1135
11110143,1136번(월계동E마트~원자력병원),1136번,1136
11110167,1222번(월계동~용두동),1222번,1222
11110953,202번(불암동~후암동),202번,202
41110023,1155번(남양주청학리~석계역),1155번,1155
41110024,1156번(퇴계원~석계역),1156번,1156
11110174,2014번(성수동~동대문운동장),2014번,2014
11110196,2413번(성수동~개포동),2413번,2413
11110267,6411번(구로동~개포동),6411번,6411
11110268,6511번(구로동~서울대),6511번,6511
11110271,6611번(신도림역~우성아파트),6611번,6611
11110381,362번(송파공영차고지~여의도),362번,362
11110907,2224번(성수동~강변역),2224번,2224
11410011,2412번(성수동~세곡동사거리),2412번,2412
11110053,501번(서울대~종로2가),501번,501
11110236,5511번(서울대~중앙대),5511번,5511
11110238,5513번(서울대~벽산블루밍아파트),5513번,5513
11110241,5516번(신림2동차고지~노량진),5516번,5516
11110242,5517번(시흥2동벽산아파트~중앙대),5517번,5517
11110257,5616번(가산동~등촌동),5616번,5616
11110265,5712번(가산동~홍대입구역),5712번,5712
11110912,506번(신림동~종로1가),506번,506
11110202,3217번(거여동~어린이대공원),3217번,3217
11110207,3313번(거여아파트단지앞~잠실역.롯데월드),3313번,3313
11110360,350번(송파공영차고지~노들역),350번,350
11110419,3322번(송파차고지~잠실종합운동장),3322번,3322
11110327,7730번(은평공영차고지~이북오도청),7730번,7730
11110897,0017번(청암동~이촌동),0017번,17
41110071,7017번(은평공영차고지~롯데백화점),7017번,7017
41110072,7021번(은평공영차고지~롯데백화점),7021번,7021
11110001,100번(하계동~용산구청),100번,100
11110028,172번(하계동~월드컵2.3단지),172번,172
11110115,1017번(월계동~상왕십리),1017번,1017
11110126,1120번(덕성여대~하계동),1120번,1120
11110151,1144번(하계동~삼양사거리),1144번,1144
11110155,1154번(하계동~장암동),1154번,1154
11110982,1227번(하계동~제기동),1227번,1227
11110016,145번(번동~강남역),145번,145
11110117,1111번(번동~성북동),1111번,1111
11110131,1124번(수유역~미아삼거리역),1124번,1124
11110163,1218번(수유역~답십리),1218번,1218
11110942,148번(번동~방배동),148번,148
41110007,504번(광명공영차고지~남대문),504번,504
41110048,5535번(하안동~노량진),5535번,5535
41110049,5536번(하안동~노량진),5536번,5536
41110062,6635번(광명공영차고지~구로디지탈단지역),6635번,6635
11110304,7019번(은평공영차고지~시청(서소문)),7019번,7019
11110308,7611번(은평차고지~여의도),7611번,7611
11110309,7612번(홍은동~영등포),7612번,7612
11110315,7713번(홍연2교~홍연2교),7713번,7713
11110316,7714번(은평차고지~녹번역),7714번,7714
11110006,105번(상계동~서울역),105번,105
11110078,1139번(상계동~방학3동주민센터),1139번,1139
11110145,1138번(상계동~수유역),1138번,1138
11110166,1221번(중계동~서울의료원),1221번,1221
11110363,N13번(상계동차고지~송파공영차고지),N13번,N13
11110899,1131번(중계본동~석계역),1131번,1131
11110900,1141번(중계본동~석계역),1141번,1141
11110901,1142번(중계본동~창동역),1142번,1142
11110944,1226번(상월곡역~경동시장),1226번,1226
11110046,402번(장지공영차고지~광화문),402번,402
11110050,461번(장지공영차고지~여의도),461번,461
11110217,3417번(장지공영차고지~삼성역),3417번,3417
11110220,3422번(장지공영차고지~고속터미널),3422번,3422
11110353,3319(장지공영차고지~잠실역),3319,3319
11110011,140번(도봉산역광역환승센터~헌인릉.강남서초예비군훈련장),140번,140
11110039,360번(송파차고지~여의도),360번,360
11110051,471번(진관차고지~세곡동사거리),471번,471
11110067,701번(구파발~종로1가),701번,701
11110364,N13번(송파공영차고지~상계동차고지),N13번,N13
41110152,N37번(송파공영차고지~진관공영차고지),N37번,N37
11110019,150번(도봉산~석수역),150번,150
11110022,160번(도봉산~온수동),160번,160
11110055,600번(온수동~광화문),600번,600
11110365,N16번(도봉산공영차고지~온수동차고지),N16번,N16
41110205,507번(석수역~동대문문화공원),507번,507
11110030,260번(중랑차고지~여의도),260번,260
11110945,273번(중랑차고지~동교동),273번,273
41110027,2227번(중랑공영차고지~중곡역),2227번,2227
41110150,N26번(중랑공영차고지~강서공영차고지),N26번,N26
11110056,601번(개화동~종로4가),601번,601
11110329,710번(상암차고지~수유역),710번,710
11410001,270번(상암동차고지~망우리),270번,270
11410003,470번(상암차고지~안골마을),470번,470
41110151,N26번(강서공영차고지~중랑공영차고지),N26번,N26
11110872,7737번(수색은평공영차고지~파크빌아파트),7737번,7737
11110873,7024번(봉원사~서울역),7024번,7024
11110874,7738번(은평공영차고지~홍제역),7738번,7738
11110875,7739번(은평공영차고지~홍대입구역),7739번,7739
11110855,6645(가양9단지~가양9단지),6645,6645
11110856,6642(개화역~염창역),6642,6642
11110857,6643(가양9단지~가양9단지),6643,6643
11110860,6647(개화역환승센터~마곡나루역),6647,6647
11110932,4433번(대치역~양재역),4433번,4433
11110889,2113(중랑공영차고지~석계역),2113,2113
11110890,2234(중랑공영차고지~봉화산역),2234,2234
11110891,2114(중랑공영차고지~석계역),2114,2114
11110892,2235(능말~신이문역),2235,2235
11110057,602번(양천공용차고지~시청앞),602번,602
11110249,5524번(난곡차고지~중앙대학),5524번,5524
11110282,6623번(양천공영차고지~여의도),6623번,6623
11110285,6627번(양천공영차고지~월촌중학교),6627번,6627
11110295,6714번(양천공영차고지~이대부고),6714번,6714
11110366,N16번(온수동차고지~도봉산공영차고지),N16번,N16
11110387,6654번(해군회관~여의도역),6654번,6654
11110408,6516번(양천차고지~박미고개),6516번,6516
11110861,6649번(신도림역~성락교회),6649번,6649
11110879,1162번(성북구민회관~보문역),1162번,1162
11110881,1164번(서경대~길음역),1164번,1164
11111168,노원14(청백1단지아파트~세그루학원),노원14,노원14
11111169,노원15(청백1단지아파트~덕성여자대학교),노원15,노원15
11110753,영등포10(대방역~순복음교회),영등포10,영등포10
11110754,영등포11(대방역~여의도중학교),영등포11,영등포11
11110756,마포18(디지털미디어시티역~DMC빌),마포18,마포18
11110752,금천11(산기슭공원~석수역),금천11,금천11
11111167,금천11-1(산기슭공원~석수역),금천11-1,금천11-1
11110720,종로13(평창동주민센터~부암동주민센터.무계원),종로13,종로13
11110922,종로06(평창동주민센터~평창공원지킴터),종로06,종로06
11110984,성북20(고려대역~돈암시장),성북20,성북20
11110703,영등포02(한국수자원연구소~관악고등학교),영등포02,영등포02
11110706,영등포01(신도림역~구로디지털단지역),영등포01,영등포01
11110656,서초14(이수역~고속터미널),서초14,서초14
11110520,강북12(SK북한산시티아파트~현대백화점),강북12,강북12
11110924,강북08(두산위브아파트~현대백화점),강북08,강북08
11110746,서초22(남부터미널~국립국악원),서초22,서초22
11110747,강남08(신사역~삼성역),강남08,강남08
11111163,강남10(개포4단지7단지~양재역),강남10,강남10
11110749,영등포09(신도림역~영등포역후문),영등포09,영등포09
11110750,양천04(신도림동아3차아파트~양천구청역),양천04,양천04
11110714,은평03(갈현동12번지~연신내역),은평03,은평03
11110755,은평09(대림e편한세상아파트1단지~청구성심병원),은평09,은평09
11111162,은평08(백련산힐스테이트3차~새절역),은평08,은평08
11110555,구로03(개봉한진아파트~개봉역),구로03,구로03
11110556,구로04(천왕이펜하우스5단지입구~개봉역),구로04,구로04
11110503,강남05(구룡마을~석촌역),강남05,강남05
11110805,구로06(개봉역~센츄리아파트),구로06,구로06
11110607,동작03(신대방삼거리역~노들역),동작03,동작03
11110608,동작12(상도4동성문교회~대방역),동작12,동작12
11110562,금천03(가산디지털단지역~구로디지털단지역),금천03,금천03
11110563,금천04(시흥사거리~기아자동차후문),금천04,금천04
11110741,금천09(독산한신아파트~광명시보건소),금천09,금천09
11110803,영등포05(당산역~구로세무서),영등포05,영등포05
11110804,영등포08(영등포푸르지오~신도림역),영등포08,영등포08
11110808,영등포03(당산현대아파트~영등포역),영등포03,영등포03
11110704,영등포04(대림역~영등포역),영등포04,영등포04
11110502,강남07(서울의료원~양재역),강남07,강남07
11110097,동대문05(답십리역~영휘원사거리),동대문05,동대문05
11110614,마포07(양화진성지~아현역),마포07,마포07
11110696,양천01(등촌역~당산역),양천01,양천01
11110697,양천02(등촌역~오목교역),양천02,양천02
11110517,강북05(번동초등학교~한일아파트),강북05,강북05
11110518,강북06(강북보건소~미아사거리역),강북06,강북06
11110978,강북04(연일슈퍼~수유시장),강북04,강북04
11110514,강북10(솔샘터널~미아역),강북10,강북10
11110648,강북10-1(솔샘터널~미아역),강북10-1,강북10-1
11110513,강북11(미아사거리~수유역),강북11,강북11
11110521,강북09(미아사거리~수유역),강북09,강북09
11110629,서대문01(삼성빌라~홍제삼거리),서대문01,서대문01
11110680,성북05(정릉2동주민센터~정수빌라),성북05,성북05
11110694,성북07(정릉4동종점~길음역),성북07,성북07
11110695,성북06(산림초소~길음역),성북06,성북06
11110547,구로10(대림역~중앙하이츠),구로10,구로10
11110552,구로12(개봉역~거성아파트),구로12,구로12
11110557,구로13(구로1동주민센터~구로중학교),구로13,구로13
11110560,금천02(벽산3단지~안천중학교),금천02,금천02
11110735,금천01(청.독산역~벽산아파트),금천01,금천01
11110619,마포11(신촌전철역~마포역),마포11,마포11
11110620,마포12(신촌전철역~마포역),마포12,마포12
11110622,마포17(공덕시장~효창공원앞역),마포17,마포17
11110624,마포03(아현역~만리동고개),마포03,마포03
11110550,구로08(개봉역~오류1동주민센터),구로08,구로08
11110553,구로01(개봉역~금옥여고),구로01,구로01
11110554,구로02(개봉역~개봉중학교),구로02,구로02
11110549,구로07(오류동역~서울수목원현대홈타운),구로07,구로07
11110801,구로15(오류동역~서울남부교정시설),구로15,구로15
11110989,구로14(천왕이펜하우스5단지입구~온수역),구로14,구로14
11110621,마포01(산천동리버힐삼성아파트~용문시장),마포01,마포01
11110623,마포02(청암대~공덕역),마포02,마포02
11110512,강북01(아카데미하우스.통일교육원~수유역),강북01,강북01
11110617,마포09(망원유수지~신촌전철역),마포09,마포09
11110618,마포10(신촌전철역~공덕역),마포10,마포10
11110637,서대문14(정원여중~홍제역),서대문14,서대문14
11110642,서대문04(궁동근린공원~신촌역),서대문04,서대문04
11110626,마포13(창전중앙하이츠아파트~신촌전철역),마포13,마포13
11110627,마포14(창전삼성아파트~신촌전철역),마포14,마포14
11110578,도봉08(창동역~무수골),도봉08,도봉08
11110579,도봉09(창동역~도봉산역),도봉09,도봉09
11111156,서대문02(서대문역.천연뜨란채아파트~서대문역),서대문02,서대문02
11111158,서대문02(독립문역.천연뜨란채아파트~독립문극동아파트),서대문02,서대문02
11110630,서대문10(백련사~홍제역),서대문10,서대문10
11110738,서대문09(가산빌라.가산빌라~홍제역),서대문09,서대문09
11110739,서대문09(풍진베이스타운.안산자락길입구~홍제역),서대문09,서대문09
11110712,은평01(연신내역~석광사),은평01,은평01
11110713,은평02(두산.한신아파트~불광역),은평02,은평02
11110715,은평04(경향파크~불광역),은평04,은평04
11110516,강북03(빨래골~수유역),강북03,강북03
11110542,관악07(청림동푸르지오아파트~서울대입구역),관악07,관악07
11110543,관악08(난향동공영차고지~신림역),관악08,관악08
11110510,강동05(강동공영차고지~천호역),강동05,강동05
41110200,강동02(가래여울~암사동서원마을),강동02,강동02
11110095,광진05(신자초등학교~강변역),광진05,광진05
11110529,용산04(경기여상~용문시장),용산04,용산04
11110096,영등포06(대방역~영등포역),영등포06,영등포06
11110583,영등포07(대방역~대영초중고교),영등포07,영등포07
11110757,관악11(봉천역~재넘이고개),관악11,관악11
11110758,영등포12(신도림역~당산역),영등포12,영등포12
11110759,영등포13(대방천사거리~신도림역),영등포13,영등포13
11110721,종로01(원서동~종각),종로01,종로01
11110722,종로02(성균관대학교후문~종각),종로02,종로02
11110719,종로11(삼청동~서울역),종로11,종로11
11110727,종로09(옥인아파트~시청역),종로09,종로09
11110507,강남02(강남구민체육관~양재역),강남02,강남02
11110628,마포06(홍대입구역~남가좌동아이파크아파트),마포06,마포06
11110930,마포05(홍대입구역~연남동주민센터),마포05,마포05
11110551,구로09(동아아파트~구로디지털단지역),구로09,구로09
11110655,서초13(이수역~동덕여고),서초13,서초13
11110616,마포16(진선주택~홍대정문),마포16,마포16
11110710,용산02(한신아파트~용산경찰서),용산02,용산02
11110615,마포08(서부운전면허시험장~신촌전철역),마포08,마포08
11110717,종로03(낙산아파트~청계7가),종로03,종로03
11110541,관악06(신림3동보명사~신대방역),관악06,관악06
11110649,서초01(잠원역~반포고등학교),서초01,서초01
11110660,서초02(교대역~서울고등학교),서초02,서초02
11110596,동작15(자이아파트~이수역),동작15,동작15
11110606,동작20(자이아파트~낙성대역),동작20,동작20
11110611,동작06(이수역~사랑의병원),동작06,동작06
11110612,동작14(달마사~사랑의병원),동작14,동작14
11110597,동작07(삼성래미안.롯데캐슬~갯마을),동작07,동작07
11110598,동작16(삼성래미안.롯데캐슬~사당역),동작16,동작16
11110599,동작17(극동아파트~이수힐스테이트),동작17,동작17
11110600,동작18(극동아파트~사당역),동작18,동작18
11110684,성북10(장위중학교~미아사거리역),성북10,성북10
11110685,성북15(고려아파트~한미약국),성북15,성북15
11111001,성북21(고려대역~길음역),성북21,성북21
11110595,동작02(사자암~노량진역),동작02,동작02
11110605,동작11(사자암~노량진역),동작11,동작11
11111160,동작19(사자암~동작우체국),동작19,동작19
11110664,서초03(교대역~신사사거리),서초03,서초03
11110522,강서01(약수터~하이웨이주유소),강서01,강서01
11110527,강서02(화곡동남부시장~하이웨이주유소),강서02,강서02
11110501,강남03(강남데시앙포레정문~은곡마을),강남03,강남03
11110506,강남01(일원동한솔아파트~코엑스),강남01,강남01
11110528,강서03(약수터~한광고등학교),강서03,강서03
11110643,서대문05(북아현삼거리~연세대학교),서대문05,서대문05
11110644,서대문06(북아현두산아파트~청파동삼일교회),서대문06,서대문06
11110610,동작05(대방역~신대방역),동작05,동작05
11110702,동작05-1(대방역~신대방역),동작05-1,동작05-1
11110631,서대문11(홍은동국민주택~독립문),서대문11,서대문11
11110633,서대문13(홍은동국민주택~홍제원현대아파트),서대문13,서대문13
11110641,서대문03(홍은2동주민센터~신촌역),서대문03,서대문03
11110536,관악10(아카시아마을.민방위교육장~신림역),관악10,관악10
11110544,광진02(긴고랑~군자역),광진02,광진02
11110545,광진03(소아청소년진료소~강변역),광진03,광진03
11110546,광진04(중곡아파트~강변역),광진04,광진04
11110538,관악03(국사봉~신림역),관악03,관악03
11110537,관악02(낙성대역~서울대신공학관),관악02,관악02
11110539,관악04(인헌동군인아파트~사랑의병원),관악04,관악04
11110540,관악05(신림2동현대아파트~신림역),관악05,관악05
11110535,관악01(봉천역~숭실대),관악01,관악01
11110548,구로05(오류중학교~개봉역),구로05,구로05
11110802,서초18(선바위역~매헌초등학교),서초18,서초18
11110806,서초18-1(서초LH5단지~양재역),서초18-1,서초18-1
11110736,동대문03(서울가든아파트~회기역),동대문03,동대문03
11110590,동대문01(회기역~경희대),동대문01,동대문01
11110591,동대문02(회기역~외대),동대문02,동대문02
11110677,성동08(금호역~성동구도시관리공단),성동08,성동08
11110675,성동09(옥수역~극동아파트5동),성동09,성동09
11110798,성동12(서울중구청소년수련관~옥수역),성동12,성동12
11110671,성동01(옥수역~신당역),성동01,성동01
11110672,성동02(마장동현대아파트~논골입구),성동02,성동02
11110676,성동03(신금호역~성동구도시관리공단),성동03,성동03
11110519,성동07(대우아파트~약수역),성동07,성동07
11110673,성동05(응봉근린공원~약수역),성동05,성동05
11110674,성동06(두산아파트115동~금남시장입구),성동06,성동06
11110800,광진01(광진정보도서관~워커힐아파트),광진01,광진01
11110678,성동10(송정동서울숲아이파크아파트~성수역),성동10,성동10
11110090,종로07(구민생활관~이화사거리),종로07,종로07
11110726,종로08(명륜3가~종로5가),종로08,종로08
11110723,종로12(서울대병원~종로3가),종로12,종로12
11110099,성북22(세계문화유산정릉~삼선동주민센터),성북22,성북22
11110679,성북01(구민회관~삼선2동사무소),성북01,성북01
11110691,성북03(삼선푸르지오아파트~노인정),성북03,성북03
11110692,성북02(한성대학교~우리옛돌박물관),성북02,성북02
11110681,성북08(신안아파트~길음역),성북08,성북08
11110682,성북09(신안아파트~미아사거리역),성북09,성북09
11110581,도봉01(법종사~창동역),도봉01,도봉01
11110582,도봉02(우이동도선사입구~수유역),도봉02,도봉02
11110584,도봉03(꽃동네~수유역),도봉03,도봉03
11110585,도봉04(동익아파트~수유역),도봉04,도봉04
11110509,강동01(길동신동아아파트~강변역),강동01,강동01
11110729,중랑02(진로아파트~한신아파트),중랑02,중랑02
11110564,노원01(보람사거리~상계역),노원01,노원01
11110566,노원11(수락현대아파트~상계역),노원11,노원11
11110571,노원05(온곡초등학교~창동역),노원05,노원05
11110568,노원02(수락리버시티아파트단지~노원구청),노원02,노원02
11110574,노원08(상계8동주민센터~창동역),노원08,노원08
11110686,성북12(월곡중학교~석계역),성북12,성북12
11110687,성북13(동방주택~석계역),성북13,성북13
11110688,성북14(북서울꿈의숲~석계역),성북14,성북14
11110651,서초10(서초구민체육센터~강남역),서초10,서초10
11110586,도봉05(한일병원~우이동도선사입구),도봉05,도봉05
11110587,도봉06(한일병원~방학동벽산아파트),도봉06,도봉06
11110588,도봉07(도봉여성센터~창2동건영아파트),도봉07,도봉07
11110693,성북04(성신여대입구역~신설동역),성북04,성북04
11110724,종로05(서대문역~배화여중고),종로05,종로05
11110807,구로11(대림역~개봉역),구로11,구로11
11110709,용산01(순천향병원~크라운호텔),용산01,용산01
11110711,용산03(하얏트호텔~용산전자상가),용산03,용산03
11110658,서초16(정금마을~방배역),서초16,서초16
11110659,서초17(사당역~서초구청),서초17,서초17
11110666,서초05(정금마을~방배브라운가아파트),서초05,서초05
11110667,서초06(정금마을~동덕여고),서초06,서초06
11110609,동작13(봉천고개관악현대아파트~대방역),동작13,동작13
11110602,동작01(달마사~대방역),동작01,동작01
11110603,동작10(노들역~상도역),동작10,동작10
11110744,동작21(달마사~상도역),동작21,동작21
11110716,은평05(백련산힐스테이트3차~녹번역),은평05,은평05
11111166,은평10(숭실고등학교~산새마을),은평10,은평10
11110084,은평06(대성중.고등학교~불광동팀수양관),은평06,은평06
11111161,은평07(삼성래미안아파트~양광교회),은평07,은평07
11110975,금천05(독산한신아파트~가산디지털단지역),금천05,금천05
11110976,금천06(시흥1동공영주차장~구로디지털단지역),금천06,금천06
11110977,금천07(시흥1동공영주차장~가산디지털단지역),금천07,금천07
11111171,성동13(옥수역~성수아이파크아파트),성동13,성동13
11110601,동작09(사당3동주민센터~사당역),동작09,동작09
11110728,중랑01(중화동동아약국~신이문역),중랑01,중랑01
11110569,노원03(석계역~하계역),노원03,노원03
11110570,노원04(석계역~공릉현대아파트),노원04,노원04
11110743,노원13(석계역~서울과학기술대학교),노원13,노원13
11110663,서초21(한국소비자원~서초구민체육센터),서초21,서초21
11110575,노원09(근로복지아파트~삼창아파트),노원09,노원09
11110500,강서07(생태공원~마곡역),강서07,강서07
11110530,강서04(염창역~경복여고),강서04,강서04
11110531,강서06(벽산아파트~수명산입구),강서06,강서06
11110504,강남06(세곡LH푸르지오아파트~코엑스),강남06,강남06
11110740,강남06-1(세곡동리엔파크~수서역),강남06-1,강남06-1
11110652,서초11(예술의전당~반포1동성당),서초11,서초11
11110657,서초15(롯데캐슬헤론아파트~사당역),서초15,서초15
11110668,서초07(황실아파트~소라아파트),서초07,서초07
11111000,강서05(발산역~강서농수산물도매시장),강서05,강서05
11111170,강서05-1(송정중학교~마곡나루역),강서05-1,강서05-1
11110604,동작08(행복유치원~대방역),동작08,동작08
11110670,서초09(헌인가구단지~강남역),서초09,서초09
11110613,마포15(서부운전면허시험장~홍대입구역),마포15,마포15
11110632,서대문12(동원베네스트아파트~홍제역),서대문12,서대문12
11110645,서대문07(개미마을~홍제역),서대문07,서대문07
11110646,서대문08(상명대학교~홍제역),서대문08,서대문08
11110913,금천08(난곡중학교~시흥대교),금천08,금천08
11110515,강북02(본원정사~수유역),강북02,강북02
11110698,양천03(신정이펜하우스1단지~목동역),양천03,양천03
11110662,서초20(내곡지구1단지~양재역),서초20,서초20
11110669,서초08(서울추모공원~양재역),서초08,서초08
81000003,"전통시장(서울투어,동대문두타~동대문두타)",전통시장,전통시장
81000004,셔틀(성균관대~혜화역),셔틀,셔틀
70000005,301번(영등포~을왕리),301번,301
70000008,300번(영등포~작전역),300번,300
70000010,9100번(용현동~양재역/강남역),9100번,9100
70000011,9200번(연수단지~양재역/강남역),9200번,9200
70000012,9300번(계산지구~양재역/강남역),9300번,9300
